filtradaTR[0], 0,
filtradaTR[1], 0,
filtradaTR[2], 0,
filtradaTR[3], 0,
filtradaTR[4], 0,
filtradaTR[5], 0,
filtradaTR[6], 0,
filtradaTR[7], 0,
filtradaTR[8], 0,
filtradaTR[9], 0,
filtradaTR[10], 0,
filtradaTR[11], 0,
filtradaTR[12], 0,
filtradaTR[13], 0,
filtradaTR[14], 0,
filtradaTR[15], 0,
filtradaTR[16], 0,
filtradaTR[17], 0,
filtradaTR[18], 0,
filtradaTR[19], 0,
filtradaTR[20], 0,
filtradaTR[21], 0,
filtradaTR[22], 0,
filtradaTR[23], 0,
filtradaTR[24], 0,
filtradaTR[25], 0,
filtradaTR[26], 0,
filtradaTR[27], 0,
filtradaTR[28], 0,
filtradaTR[29], 0,
filtradaTR[30], 0,
filtradaTR[31], 0,
filtradaTR[32], 0,
filtradaTR[33], 0,
filtradaTR[34], 0,
filtradaTR[35], 0,
filtradaTR[36], 0,
filtradaTR[37], 0,
filtradaTR[38], 0,
filtradaTR[39], 0,
filtradaTR[40], 0,
filtradaTR[41], 0,
filtradaTR[42], 0,
filtradaTR[43], 0,
filtradaTR[44], 0,
filtradaTR[45], 0,
filtradaTR[46], 0,
filtradaTR[47], 0,
filtradaTR[48], 0,
filtradaTR[49], 0,
filtradaTR[50], 0,
filtradaTR[51], 0,
filtradaTR[52], 0,
filtradaTR[53], 0,
filtradaTR[54], 0,
filtradaTR[55], 0,
filtradaTR[56], 0,
filtradaTR[57], 0,
filtradaTR[58], 0,
filtradaTR[59], 0,
filtradaTR[60], 0,
filtradaTR[61], 0,
filtradaTR[62], 0,
filtradaTR[63], 0,
filtradaTR[64], 0,
filtradaTR[65], 0,
filtradaTR[66], 0,
filtradaTR[67], 0,
filtradaTR[68], 0,
filtradaTR[69], 0,
filtradaTR[70], 0,
filtradaTR[71], 0,
filtradaTR[72], 0,
filtradaTR[73], 0,
filtradaTR[74], 0,
filtradaTR[75], 0,
filtradaTR[76], 0,
filtradaTR[77], 0,
filtradaTR[78], 0,
filtradaTR[79], 0,
filtradaTR[80], 0,
filtradaTR[81], 0,
filtradaTR[82], 0,
filtradaTR[83], 0,
filtradaTR[84], 0,
filtradaTR[85], 0,
filtradaTR[86], 0,
filtradaTR[87], 0,
filtradaTR[88], 0,
filtradaTR[89], 0,
filtradaTR[90], 0,
filtradaTR[91], 0,
filtradaTR[92], 0,
filtradaTR[93], 0,
filtradaTR[94], 0,
filtradaTR[95], 0,
filtradaTR[96], 0,
filtradaTR[97], 0,
filtradaTR[98], 0,
filtradaTR[99], 0,
filtradaTR[100], 0,
filtradaTR[101], 0,
filtradaTR[102], 0,
filtradaTR[103], 0,
filtradaTR[104], 0,
filtradaTR[105], 0,
filtradaTR[106], 0,
filtradaTR[107], 0,
filtradaTR[108], 0,
filtradaTR[109], 0,
filtradaTR[110], 0,
filtradaTR[111], 0,
filtradaTR[112], 0,
filtradaTR[113], 0,
filtradaTR[114], 0,
filtradaTR[115], 0,
filtradaTR[116], 0,
filtradaTR[117], 0,
filtradaTR[118], 0,
filtradaTR[119], 0,
filtradaTR[120], 0,
filtradaTR[121], 0,
filtradaTR[122], 0,
filtradaTR[123], 0,
filtradaTR[124], 0,
filtradaTR[125], 0,
filtradaTR[126], 0,
filtradaTR[127], 0,
filtradaTR[128], 0,
filtradaTR[129], 0,
filtradaTR[130], 0,
filtradaTR[131], 0,
filtradaTR[132], 0,
filtradaTR[133], 0,
filtradaTR[134], 0,
filtradaTR[135], 0,
filtradaTR[136], 0,
filtradaTR[137], 0,
filtradaTR[138], 0,
filtradaTR[139], 0,
filtradaTR[140], 0,
filtradaTR[141], 0,
filtradaTR[142], 0,
filtradaTR[143], 0,
filtradaTR[144], 0,
filtradaTR[145], 0,
filtradaTR[146], 0,
filtradaTR[147], 0,
filtradaTR[148], 0,
filtradaTR[149], 0,
filtradaTR[150], 0,
filtradaTR[151], 0,
filtradaTR[152], 0,
filtradaTR[153], 0,
filtradaTR[154], 0,
filtradaTR[155], 0,
filtradaTR[156], 0,
filtradaTR[157], 0,
filtradaTR[158], 0,
filtradaTR[159], 0,
filtradaTR[160], 0,
filtradaTR[161], 0,
filtradaTR[162], 0,
filtradaTR[163], 0,
filtradaTR[164], 0,
filtradaTR[165], 0,
filtradaTR[166], 0,
filtradaTR[167], 0,
filtradaTR[168], 0,
filtradaTR[169], 0,
filtradaTR[170], 0,
filtradaTR[171], 0,
filtradaTR[172], 0,
filtradaTR[173], 0,
filtradaTR[174], 0,
filtradaTR[175], 0,
filtradaTR[176], 0,
filtradaTR[177], 0,
filtradaTR[178], 0,
filtradaTR[179], 0,
filtradaTR[180], 0,
filtradaTR[181], 0,
filtradaTR[182], 0,
filtradaTR[183], 0,
filtradaTR[184], 0,
filtradaTR[185], 0,
filtradaTR[186], 0,
filtradaTR[187], 0,
filtradaTR[188], 0,
filtradaTR[189], 0,
filtradaTR[190], 0,
filtradaTR[191], 0,
filtradaTR[192], 0,
filtradaTR[193], 0,
filtradaTR[194], 0,
filtradaTR[195], 0,
filtradaTR[196], 0,
filtradaTR[197], 0,
filtradaTR[198], 0,
filtradaTR[199], 0,
filtradaTR[200], 0,
filtradaTR[201], 0,
filtradaTR[202], 0,
filtradaTR[203], 0,
filtradaTR[204], 0,
filtradaTR[205], 0,
filtradaTR[206], 0,
filtradaTR[207], 0,
filtradaTR[208], 0,
filtradaTR[209], 0,
filtradaTR[210], 0,
filtradaTR[211], 0,
filtradaTR[212], 0,
filtradaTR[213], 0,
filtradaTR[214], 0,
filtradaTR[215], 0,
filtradaTR[216], 0,
filtradaTR[217], 0,
filtradaTR[218], 0,
filtradaTR[219], 0,
filtradaTR[220], 0,
filtradaTR[221], 0,
filtradaTR[222], 0,
filtradaTR[223], 0,
filtradaTR[224], 0,
filtradaTR[225], 0,
filtradaTR[226], 0,
filtradaTR[227], 0,
filtradaTR[228], 0,
filtradaTR[229], 0,
filtradaTR[230], 0,
filtradaTR[231], 0,
filtradaTR[232], 0,
filtradaTR[233], 0,
filtradaTR[234], 0,
filtradaTR[235], 0,
filtradaTR[236], 0,
filtradaTR[237], 0,
filtradaTR[238], 0,
filtradaTR[239], 0,
filtradaTR[240], 0,
filtradaTR[241], 0,
filtradaTR[242], 0,
filtradaTR[243], 0,
filtradaTR[244], 0,
filtradaTR[245], 0,
filtradaTR[246], 0,
filtradaTR[247], 0,
filtradaTR[248], 0,
filtradaTR[249], 0,
filtradaTR[250], 0,
filtradaTR[251], 0,
filtradaTR[252], 0,
filtradaTR[253], 0,
filtradaTR[254], 0,
filtradaTR[255], 0,
