filtradaSEN[0], 178,
filtradaSEN[1], -170,
filtradaSEN[2], 39,
filtradaSEN[3], 133,
filtradaSEN[4], -226,
filtradaSEN[5], 167,
filtradaSEN[6], 15,
filtradaSEN[7], -201,
filtradaSEN[8], 259,
filtradaSEN[9], -139,
filtradaSEN[10], -87,
filtradaSEN[11], 265,
filtradaSEN[12], -269,
filtradaSEN[13], 85,
filtradaSEN[14], 167,
filtradaSEN[15], -315,
filtradaSEN[16], 251,
filtradaSEN[17], -10,
filtradaSEN[18], -246,
filtradaSEN[19], 341,
filtradaSEN[20], -204,
filtradaSEN[21], -77,
filtradaSEN[22], 312,
filtradaSEN[23], -338,
filtradaSEN[24], 134,
filtradaSEN[25], 166,
filtradaSEN[26], -356,
filtradaSEN[27], 305,
filtradaSEN[28], -46,
filtradaSEN[29], -245,
filtradaSEN[30], 371,
filtradaSEN[31], -245,
filtradaSEN[32], -46,
filtradaSEN[33], 305,
filtradaSEN[34], -356,
filtradaSEN[35], 166,
filtradaSEN[36], 134,
filtradaSEN[37], -338,
filtradaSEN[38], 312,
filtradaSEN[39], -77,
filtradaSEN[40], -204,
filtradaSEN[41], 341,
filtradaSEN[42], -246,
filtradaSEN[43], -10,
filtradaSEN[44], 251,
filtradaSEN[45], -315,
filtradaSEN[46], 167,
filtradaSEN[47], 85,
filtradaSEN[48], -269,
filtradaSEN[49], 265,
filtradaSEN[50], -87,
filtradaSEN[51], -139,
filtradaSEN[52], 259,
filtradaSEN[53], -201,
filtradaSEN[54], 15,
filtradaSEN[55], 167,
filtradaSEN[56], -226,
filtradaSEN[57], 133,
filtradaSEN[58], 39,
filtradaSEN[59], -170,
filtradaSEN[60], 178,
filtradaSEN[61], 0,
filtradaSEN[62], 0,
filtradaSEN[63], 0,
filtradaSEN[64], 0,
filtradaSEN[65], 0,
filtradaSEN[66], 0,
filtradaSEN[67], 0,
filtradaSEN[68], 0,
filtradaSEN[69], 0,
filtradaSEN[70], 0,
filtradaSEN[71], 0,
filtradaSEN[72], 0,
filtradaSEN[73], 0,
filtradaSEN[74], 0,
filtradaSEN[75], 0,
filtradaSEN[76], 0,
filtradaSEN[77], 0,
filtradaSEN[78], 0,
filtradaSEN[79], 0,
filtradaSEN[80], 0,
filtradaSEN[81], 0,
filtradaSEN[82], 0,
filtradaSEN[83], 0,
filtradaSEN[84], 0,
filtradaSEN[85], 0,
filtradaSEN[86], 0,
filtradaSEN[87], 0,
filtradaSEN[88], 0,
filtradaSEN[89], 0,
filtradaSEN[90], 0,
filtradaSEN[91], 0,
filtradaSEN[92], 0,
filtradaSEN[93], 0,
filtradaSEN[94], 0,
filtradaSEN[95], 0,
filtradaSEN[96], 0,
filtradaSEN[97], 0,
filtradaSEN[98], 0,
filtradaSEN[99], 0,
filtradaSEN[100], 0,
filtradaSEN[101], 0,
filtradaSEN[102], 0,
filtradaSEN[103], 0,
filtradaSEN[104], 0,
filtradaSEN[105], 0,
filtradaSEN[106], 0,
filtradaSEN[107], 0,
filtradaSEN[108], 0,
filtradaSEN[109], 0,
filtradaSEN[110], 0,
filtradaSEN[111], 0,
filtradaSEN[112], 0,
filtradaSEN[113], 0,
filtradaSEN[114], 0,
filtradaSEN[115], 0,
filtradaSEN[116], 0,
filtradaSEN[117], 0,
filtradaSEN[118], 0,
filtradaSEN[119], 0,
filtradaSEN[120], 0,
filtradaSEN[121], 0,
filtradaSEN[122], 0,
filtradaSEN[123], 0,
filtradaSEN[124], 0,
filtradaSEN[125], 0,
filtradaSEN[126], 0,
filtradaSEN[127], 0,
filtradaSEN[128], 0,
filtradaSEN[129], 0,
filtradaSEN[130], 0,
filtradaSEN[131], 0,
filtradaSEN[132], 0,
filtradaSEN[133], 0,
filtradaSEN[134], 0,
filtradaSEN[135], 0,
filtradaSEN[136], 0,
filtradaSEN[137], 0,
filtradaSEN[138], 0,
filtradaSEN[139], 0,
filtradaSEN[140], 0,
filtradaSEN[141], 0,
filtradaSEN[142], 0,
filtradaSEN[143], 0,
filtradaSEN[144], 0,
filtradaSEN[145], 0,
filtradaSEN[146], 0,
filtradaSEN[147], 0,
filtradaSEN[148], 0,
filtradaSEN[149], 0,
filtradaSEN[150], 0,
filtradaSEN[151], 0,
filtradaSEN[152], 0,
filtradaSEN[153], 0,
filtradaSEN[154], 0,
filtradaSEN[155], 0,
filtradaSEN[156], 0,
filtradaSEN[157], 0,
filtradaSEN[158], 0,
filtradaSEN[159], 0,
filtradaSEN[160], 0,
filtradaSEN[161], 0,
filtradaSEN[162], 0,
filtradaSEN[163], 0,
filtradaSEN[164], 0,
filtradaSEN[165], 0,
filtradaSEN[166], 0,
filtradaSEN[167], 0,
filtradaSEN[168], 0,
filtradaSEN[169], 0,
filtradaSEN[170], 0,
filtradaSEN[171], 0,
filtradaSEN[172], 0,
filtradaSEN[173], 0,
filtradaSEN[174], 0,
filtradaSEN[175], 0,
filtradaSEN[176], 0,
filtradaSEN[177], 0,
filtradaSEN[178], 0,
filtradaSEN[179], 0,
filtradaSEN[180], 0,
filtradaSEN[181], 0,
filtradaSEN[182], 0,
filtradaSEN[183], 0,
filtradaSEN[184], 0,
filtradaSEN[185], 0,
filtradaSEN[186], 0,
filtradaSEN[187], 0,
filtradaSEN[188], 0,
filtradaSEN[189], 0,
filtradaSEN[190], 0,
filtradaSEN[191], 0,
filtradaSEN[192], 0,
filtradaSEN[193], 0,
filtradaSEN[194], 0,
filtradaSEN[195], 0,
filtradaSEN[196], 0,
filtradaSEN[197], 0,
filtradaSEN[198], 0,
filtradaSEN[199], 0,
filtradaSEN[200], 0,
filtradaSEN[201], 0,
filtradaSEN[202], 0,
filtradaSEN[203], 0,
filtradaSEN[204], 0,
filtradaSEN[205], 0,
filtradaSEN[206], 0,
filtradaSEN[207], 0,
filtradaSEN[208], 0,
filtradaSEN[209], 0,
filtradaSEN[210], 0,
filtradaSEN[211], 0,
filtradaSEN[212], 0,
filtradaSEN[213], 0,
filtradaSEN[214], 0,
filtradaSEN[215], 0,
filtradaSEN[216], 0,
filtradaSEN[217], 0,
filtradaSEN[218], 0,
filtradaSEN[219], 0,
filtradaSEN[220], 0,
filtradaSEN[221], 0,
filtradaSEN[222], 0,
filtradaSEN[223], 0,
filtradaSEN[224], 0,
filtradaSEN[225], 0,
filtradaSEN[226], 0,
filtradaSEN[227], 0,
filtradaSEN[228], 0,
filtradaSEN[229], 0,
filtradaSEN[230], 0,
filtradaSEN[231], 0,
filtradaSEN[232], 0,
filtradaSEN[233], 0,
filtradaSEN[234], 0,
filtradaSEN[235], 0,
filtradaSEN[236], 0,
filtradaSEN[237], 0,
filtradaSEN[238], 0,
filtradaSEN[239], 0,
filtradaSEN[240], 0,
filtradaSEN[241], 0,
filtradaSEN[242], 0,
filtradaSEN[243], 0,
filtradaSEN[244], 0,
filtradaSEN[245], 0,
filtradaSEN[246], 0,
filtradaSEN[247], 0,
filtradaSEN[248], 0,
filtradaSEN[249], 0,
filtradaSEN[250], 0,
filtradaSEN[251], 0,
filtradaSEN[252], 0,
filtradaSEN[253], 0,
filtradaSEN[254], 0,
filtradaSEN[255], 0,
