<?xml version="1.0" encoding="UTF-8"?>
<project-private xmlns="http://www.netbeans.org/ns/project-private/1">
    <editor-bookmarks xmlns="http://www.netbeans.org/ns/editor-bookmarks/2" lastBookmarkId="0"/>
    <open-files xmlns="http://www.netbeans.org/ns/projectui-open-files/2">
        <group>
            <file>file:/D:/univer%20mati%20evo/EPI/dispozitivos%20electronicos%20programables/dsPIC/PROJECT_dsPIC/Main.c</file>
            <file>file:/D:/univer%20mati%20evo/EPI/dispozitivos%20electronicos%20programables/dsPIC/PROJECT_dsPIC/Func.c</file>
        </group>
    </open-files>
</project-private>
