<?xml version="1.0" ?>
<LOG_ROOT>
	<PROJECT NAME="tutor3">
		<CBX_INST_ENTRY INSTANCE_NAME="|tutor3|lpm_counter4:inst10|lpm_counter:lpm_counter_component" CBX_FILE_NAME="cntr_ghk.tdf"/>
		<CBX_INST_ENTRY INSTANCE_NAME="|tutor3|lpm_counter6:inst14|lpm_counter:lpm_counter_component" CBX_FILE_NAME="cntr_04k.tdf"/>
		<CBX_INST_ENTRY INSTANCE_NAME="|tutor3|lpm_counter0:inst2|lpm_counter:lpm_counter_component" CBX_FILE_NAME="cntr_69j.tdf"/>
		<CBX_INST_ENTRY INSTANCE_NAME="|tutor3|lpm_counter2:inst8|lpm_counter:lpm_counter_component" CBX_FILE_NAME="cntr_lij.tdf"/>
		<CBX_INST_ENTRY INSTANCE_NAME="|tutor3|lpm_counter3:inst9|lpm_counter:lpm_counter_component" CBX_FILE_NAME="cntr_rik.tdf"/>
		<CBX_INST_ENTRY INSTANCE_NAME="|tutor3|lpm_counter5:inst12|lpm_counter:lpm_counter_component" CBX_FILE_NAME="cntr_rik.tdf"/>
	</PROJECT>
</LOG_ROOT>
